,Identifier,Offset,Sequence Length,motif
0,K30lambda2,2719,57,RPDNGAEFGQGNISEMHVTTVGVYNFRSDAQWYVKSNPPEIGNQWGPVWSESTRPLR
1,K7PH164C4,2717,57,RPDNGAEFGQGNISEMHVTTVGVYNFRSDAQWYVKSNPPEIGNQWGPVWSEATRPLR
2,K65PH164,3644,57,NGAYASLYFQEYVGNFHQAIINVNGFGRDDSFYFRAGGDFICTRNGSFDNVEIRSDR
3,K62PH164C2,460,57,NGGTGSTNASDARLAFGLRMIDVPSNTSGATRCIKIATIKSPGAAGSFASMSIYGGS
4,A1c,1420,40,HLPRYVPGRVLQMQNSSVTNMAFMRFSGDRKSLLVYEFMW
5,K1PH164C1,803,40,HLPRYIPGRVLQMQNSSVTNMAFSRMSGERNSLLVYEFMW
6,K8PH128,488,40,HVPNYIPNGVYSINGSGTENFACVLTKGAPSKVFIYKFLY
7,S9a,203,40,DVAWAVSPGVASAIFTVSINILRRYNQGDRVALFLKHSSA
8,K13PH07C1S,1294,41,SQNTRRYIEITAGHTNIFNVVGGSIVTNANAGQTQALIHVS
9,K13PH07C1L,326,41,SQNTRRYIEITAGHTNIFNVVGGSIVTNANAGQTQALIHVS
10,K2alfa62,2098,41,RVSSQTYNGRDAGESTRARLTAVGVATGINTKDTLVEIVVR
11,K2PH164C2,1168,41,RVSSQTYSGRDTGESTRTRLTAVGVATGINTKDTLVEIVVS
12,A1h,1960,41,SASTRRYVDISAGHTNVFNIIGGSIVTNSNPGQTQALLYVS
13,S8c,1136,41,RVSSQSYNGRDTGESTRVRLTAVGVATGIGTRDTLVEIVVS
14,K7PH164C4,2541,41,TLNRNMYGHMGPRYGMGSNPVGGPYAHNIQTESYQEVQYKA
15,K30lambda2,2543,41,TLNRNMYGHMGPRYGQSSNPVGGPYSHNIQTESYQEIQYKA
16,S8a,271,41,DARMKHDIKPTDGQLSVDRIRALELVTFVYNDDEQERTRRG
17,K69PH164C2,2267,26,VQRAMEIMESFGLEPFKYGFICYDKW
18,K2064PH2,2157,26,VQRAMEIMESFGLEPFKYGFICYDKW
19,K18PH07C1,1138,26,VQDAMRVMRKHGLDWTKYSAFCYDKW
20,K65PH164,1943,26,QNESISKIADYGLSPGDSVFLVCDMY
21,K12P1,1240,26,KRQYVIPANAFNEDTFQTALNIYDMY
22,S11a,244,21,FPFYSTGRHVFRDIVFDGRDK
23,S10a,497,21,FPFYSTGRHVFRDIVFDGRDK
24,K54lambda1,2650,21,LQFSSVGKQVFLKEHTTGQNA
25,K29PH164C1,204,21,LSIAVKGRHVFLPASMATYKV
26,S8b,274,28,AWGGFYVEEYVGTEHRIIMYMDGFGRTD
27,K30lambda2,2562,28,PVGGPYSHNIQTESYQEIQYKAGFFRGP
28,K7PH164C4,2560,28,PVGGPYAHNIQTESYQEVQYKAGFFRGP
29,S8c,1470,28,AVANYYIEELVGTEHRIVAYLDGYGRSD
30,K65PH164,3646,28,AYASLYFQEYVGNFHQAIINVNGFGRDD
31,K2064PH2,2144,28,ADMNDVREHCGLTVQRAMEIMESFGLEP
32,K14PH164C1,2026,28,NYGSTYGEGSIKQTNQNITVRDGSGRVR
33,S13d,790,28,KWFKLSGCQFFTTTGAKVPYMKLFSGSI
34,K2064PH2,397,29,KTMYTSCNVMFDDEENQYEQDIEPVFNPD
35,K33PH14C2,397,29,KTMYTSCNVMFDDAENQYEQDVEPVFNAD
36,K7PH164C4,2656,29,EFIVNGINLMNTGWKFINQNDINYSPGNR
37,K30lambda2,2658,29,EFIVNGINLMNTGWKFINQNDINYSPGNR
38,K34PH164,80,29,NVSVGNINVMNDNSMVILGKNSDLALLKK
39,K49PH164C2,80,29,NVSVGNINVMNDNSMIILGKNSDLALLKK
40,K11PH164C1,2087,29,SVYVRPINFLLEDKTVLQSWDTNRNMKAK
41,K2069PH1,573,99,EQYVVTRIEKGSDDDEFTFAITATQYNPNKYDAIDNGVITDDRPTSVVDPDSMGAPKDLTISSFSRIVQGMSVETMVIGWSAVQYAKLYEVQWRKDGGN
42,K2064PH2,573,99,EQYVVTRIEKGSDDDEFTFAITATQYNPNKYDAIDNGVITDDRPTSVVDPDSMGAPKDLTISSFSRIVQGMSVETMVIGWSAVQYAKLYEVQWRKDGGN
43,K52PH129C1,1536,99,EQYVVTRIEKGSDDDEFTFAITATQYDPNKYDAIDNGVITDGRPTSVVDPDSMGAPKDLTISSFSRIVQGMSVETMVIGWSAVQYAKLYEVQWRKDGGN
44,K65PH164,615,99,SRLREVRLTRPYSQIMLTFSNGAWRASLTDFGDTAKMVVPNGIVPTQVQSGDNVVRRYTSNSEIFITLPLFANSNDIINFTDLDGTSPINHMTVRTFDP
45,K29PH164C1,296,29,LLHDGLTVQGLAQDTAETLRYYRNFENTL
46,K62PH164C2,296,29,LLHDGLTVQGLAQDTAETLRYYRNFESTL
47,K7PH164C4,1542,29,LGWDKLQEEGLISGIFYTLEIRDNTNKLL
48,K30lambda2,1544,29,LGWDKLQEEGLISGIFYTLEIRDNTNKLL
49,K69PH164C2,1533,29,LLSDSLTVDGLAQDVAETLRYYQSQETVI
50,K65PH164,664,29,SGDNVVRRYTSNSEIFITLPLFANSNDII
51,K2069PH1,235,99,FQNQIPTISLKKKWKIIQVPSNYDPINRTYSGTWDGVFKWAWSNNPAWVLYDLIMNQRYGLDQRELGIPVDKWSLYEVAQYCDELVPDNRGGMEPRYLM
52,K2064PH2,235,99,FQNQIPTISLKKKWKIIQVPSNYDPINRTYSGTWDGVFKWAWSNNPAWVLYDLIMNQRYGLDQRELGIPVDKWSLYEVAQYCDELVPDNRGGMEPRYLM
53,K69PH164C2,235,99,FQNQIPTISLKKKWKIIQVPRNYDPINRTYSGTWDGVFKWAWSNNPAWVLYDLIMNQRYGLDQRELGIPVDKWSLYEVAQYCDELVPDNRGGMEPRYLM
54,K52PH129C1,1198,99,FQNQIPTISLKKKWKIIQVPSNYDPINRTYSGTWNGVFKWAWSNNPAWVLYDLIMNQRYGLDQRELGIPVDKWSLYEVAQYCDELVPDNRGGMEPRYLM
55,K33PH14C2,235,99,FQNQIPTISLKKKWKIIQVPSNYDPVNRTYAGTWDGTFKWAWSNNPAWVLYDLIMNQRYGLDQRELGIPVDKWSLYEVSQYCDELVPDNRGGMEPRYLM
56,K32PH164C1,1214,53,CYNPLEDLTQWSEVDSRLRIFGNHFQKRVHQIMCLPVNMCVPFHFIRGTVTQC
57,K30lambda2,2833,53,CYNPLEDLTQWSEVDSRLRIFGNHFQKRVHQIMCLPVNMCVPFHFIRGTVTQC
58,K65PH164,727,53,VRTSGSGFLVYDAIDKIWRIFENDLRTRVRIITSDVTLMPNEHISVFGADNST
59,K7PH164C4,2829,55,IGCYNPLEDLTQWSEVDSRLRIFGNHFQKRVHQIMCLPVNMCVPFHFIRGTVTQC
60,K30lambda2,2831,55,IGCYNPLEDLTQWSEVDSRLRIFGNHFQKRVHQIMCLPVNMCVPFHFIRGTVTQC
61,K65PH164,725,55,IQVRTSGSGFLVYDAIDKIWRIFENDLRTRVRIITSDVTLMPNEHISVFGADNST
62,S8b,362,56,FIAQQAETVDEVYTYQDVEQEIDGERFRVMNVDYVAIIADLVSSVQELRKELRELK
63,S8c,1558,56,FIAQQAETVDKVYTYQDVEQEIDGERIKVMNVDYVAIIADLVSSVQELKAQIRELK
64,S9a,103,56,FSGGVWAIPPTIFTAQPFVEVSDPGAWTVDNTAWVKVPLNTVSTDTANGWDATDNT
65,K43PH164C1,1490,29,GEDPYIHLINRDEYEQYYAVFTGNDVRVF
66,K35PH164C3,60,29,GEDPYIHLINRDEYEQYYAVFTGNDVRVF
67,K7PH164C4,864,29,GELLPSHGAKRPEYQEDYGFFHANKSVNF
68,K30lambda2,866,29,GELLPSHGAKRPEYQEDYGFFHANKSVNF
69,K39PH122C2,1692,29,GDGPYSSILVFDAQDEYTPCVSARGGWGT
70,K65PH164,1,29,AQNNYNHYSDLAKYRIFDPTNTQWPVAIK
71,S8c,1204,29,NISDQLAADIHNAFNKYYTDLTNQDQIFF
72,K35PH164C3,56,29,RGYLGEDPYIHLINRDEYEQYYAVFTGND
73,A3b,56,29,RGYLGEDPYIHLINRDEYEQYYAVFTGND
74,K7PH164C4,860,29,EIVNGELLPSHGAKRPEYQEDYGFFHANK
75,K30lambda2,862,29,EIVNGELLPSHGAKRPEYQEDYGFFHANK
76,S8a,239,29,RGFNAPVQYTALLPDGRIQNSQNGFVQFQ
77,S8c,1295,29,MIYLGKNSDLALLKKSGQGGTIAVGSGTP
78,K2alfa62,1248,57,CSAFRGMTFYNGESLSIIVDKPRDPVYLFTADNVVDGVFVRTFPSEKTMYTSCNVMF
79,K2PH164C2,351,57,CSAFRGMTFYNGESLSIIVDKPRDPVYLFTADNVVDGVFVRTFPSEKTMYTSCNVMF
80,K2PH164C1,1248,57,CSAFRGMTFYNGESLSIIVDKPRDPVYLFTADNVVDGVFVRTFPSEKTMYTSCNVMF
81,S8a,164,57,IYSGTITNYYGNYSPAYVAMLQNDPPTANTGDIIASPSSVWRFRNRGADNNGDSGAC
82,K7PH164C4,2840,39,QWSEVDSRLRIFGNHFQKRVHQIMCLPVNMCVPFHFIRG
83,K30lambda2,2842,39,QWSEVDSRLRIFGNHFQKRVHQIMCLPVNMCVPFHFIRG
84,K65PH164,736,39,VYDAIDKIWRIFENDLRTRVRIITSDVTLMPNEHISVFG
85,S8c,1388,39,GTPYIDFHFNNSTADYTTRLIELVSGELTLEGAFMCKRH
86,S11a,323,57,DSMMIACTINANDRGVALTGGANNNFFGGCRNEWNSGDNWYAFQSVENQISGELCDR
87,S10a,581,57,DSMMFGCTINANDRGVALTGGANNNFFGGCRNEWNTGDNWYAFQSVENQIFGELCDR
88,K25PH129C1,1278,57,DSNLIGCVFNANARGVNLQSGANNNSFIACRNEWNDGDNYFAFNAIENIIVGELCDR
89,S8b,204,57,DQISVQSSHLRVDRDLRVFGMADIKGWTQCGVDLSSNRTDFGSPAIGSLVSGGRIRS
90,K54lambda1,1319,29,RGRFQTPGIMEYVATHQNDHKFALFMHYR
91,K23PH08C2,1319,29,RGRFQTPGIMEYVATHQNDHKFALFMHYR
92,K54lambda2,1191,29,EGMIPSCGDVIYIADPHWQSAFNLVLSGR
93,K7PH164C4,603,29,LPRDDNGNMLCFVESDWNEEEKELNIQVF
94,S8c,1553,29,RVRRGFIAQQAETVDKVYTYQDVEQEIDG
95,S8b,357,29,RVRRGFIAQQAETVDEVYTYQDVEQEIDG
96,K63PH128,919,29,MKQLHFGGVPVQNEDGTFNYEGVIAEFRP
97,K2064PH2,46,29,LKQLHFGGVPVQNEDGTFNYEGVIAEFRP
98,K74PH129C2,2026,29,DLNRGNTAAHYETVTPPPSSQEVTLEIVP
99,S13b,34,29,YYTDRFGVQRLTNTGRNYQFQTAQDERET
100,K54lambda1,1318,57,HRGRFQTPGIMEYVATHQNDHKFALFMHYRVTRAGAGTGATSATEALIASQTSPSSN
101,K23PH08C2,1318,57,HRGRFQTPGIMEYVATHQNDHKFALFMHYRVTRAGAGTGATSATEALIASQTSPSSN
102,K58PH129C2,1179,57,EPSSIHHAGIVIYEANHCVVTRCNIVYRGRTDREGHGIGIFHGNDNLIALCTASGAN
103,A3d,1981,80,ASVDSGENVQFFGGSVYNCINSTLTAVGVHHSPESTGLEMCFNGTSFDYNDQDLFQIHSTFRFDKCHFENNNNQPKITIQ
104,A3c,1877,80,ASVDSGENIQFFGGSVYNCISSNLTAVGIYHSPESTGLEMNFNGTSFDYNDQDLFQIHSTFRFDKCHFENNNNRPKITIQ
105,K61PH164C1,847,80,ANDDSNENYTFVGGSIFNVNNPTFNGTGFYIDSVASQVDIGFRGTSFDYCDISMYLRNSYVECSACHFENNNNNAHIICE
106,A1j,2002,80,ASVNSNENHGFIGGSIFNVNNTSFNGVGLYVDSGASDTELYLSHCSIDYCDESVNLRLGRLNLNSCHLENNNNNPHIRLQ
107,K7PH164C4,2829,55,IGCYNPLEDLTQWSEVDSRLRIFGNHFQKRVHQIMCLPVNMCVPFHFIRGTVTQC
108,K30lambda2,2831,55,IGCYNPLEDLTQWSEVDSRLRIFGNHFQKRVHQIMCLPVNMCVPFHFIRGTVTQC
109,K65PH164,725,55,IQVRTSGSGFLVYDAIDKIWRIFENDLRTRVRIITSDVTLMPNEHISVFGADNST
110,K50PH164C1,2201,80,SHGSGVFSRCGDTNSAINIDYNSGKVVILAANDSSLAAGNVKVNTLYGTANKPSKSDVGLSNVTNDAQVKKAGDTMTGDL
111,K65PH164,2827,80,SHGTGFYGRASDTMAALNIDYATGNVRVFAINDSGLASGRVNSNVLYGTANKPSKADVGLGNLTNDTQVKKAGDTMTGDL
112,K43PH164C1,657,80,SAGAAGLRITGSTNVDVPSGTFSGTFPGLCINQTGNTNLFIASTILYDTASGRINSPVASMFMDIPAVIISAKEAADGTL
113,K49PH164C2,323,40,ACERIERLGVCQYRMKGESRVRRGFIAQQADTVDKVYTYQ
114,K34PH164,338,40,ACERIERLGVCQYRMKGESRVRRGFIAQQADTVDKVYTYQ
115,K65PH164,400,40,HSWRFEAYASSNFFFNNIPPNATVQIRPTEDSRIIFYDCM
116,K7PH164C4,2558,38,SNPVGGPYAHNIQTESYQEVQYKAGFFRGPPNNFMGWE
117,K30lambda2,2560,38,SNPVGGPYSHNIQTESYQEIQYKAGFFRGPPNNFMGWE
118,K34PH164,272,38,SGAWGGFYVEEYVGTEHRIIMYMDGFGRTDAWSFRSGG
119,K65PH164,3644,38,NGAYASLYFQEYVGNFHQAIINVNGFGRDDSFYFRAGG
120,K6PH25C3,1595,38,KNAAIGIVADGTVGSCSWGELQFTNCGHAMAWQGGDRC
121,S8b,279,28,YVEEYVGTEHRIIMYMDGFGRTDAWSFR
122,K34PH164,279,28,YVEEYVGTEHRIIMYMDGFGRTDAWSFR
123,S8c,1475,28,YIEELVGTEHRIVAYLDGYGRSDAWIFR
124,K65PH164,3651,28,YFQEYVGNFHQAIINVNGFGRDDSFYFR
125,K30lambda2,2567,28,YSHNIQTESYQEIQYKAGFFRGPPNNFM
126,K2069PH1,1949,28,VREHCGLTVQRAMEIMESFGLEPFKYGF
127,K2064PH2,2149,28,VREHCGLTVQRAMEIMESFGLEPFKYGF
128,K7PH164C4,2565,28,YAHNIQTESYQEVQYKAGFFRGPPNNFM
129,K50PH164C1,2839,28,WLEEYRGYEHRAVIEVSKWGDSGTTQYW
130,K62PH164C2,778,28,IEKRCPDAIGRMEIELDGEVIPDAMSVD
131,K62PH164C2,735,29,SDIRLKRDFKPISSPLESVMSFRGATYEM
132,K29PH164C1,733,29,SDIRLKRDFKPISSPLESVMSFRGATYEM
133,K65PH164,3698,29,SDRRAKSDIKVIENALEKVETLSGNTYEL
134,K2064PH2,2109,29,SDGRMKNDVRAMNDPETEAAKAIAKEIGF
135,K74PH129C2,182,29,KEDPPKVDAQAIAEALATLLRAAHPTWTF
136,K30lambda2,2719,57,RPDNGAEFGQGNISEMHVTTVGVYNFRSDAQWYVKSNPPEIGNQWGPVWSESTRPLR
137,K7PH164C4,2717,57,RPDNGAEFGQGNISEMHVTTVGVYNFRSDAQWYVKSNPPEIGNQWGPVWSEATRPLR
138,K65PH164,3644,57,NGAYASLYFQEYVGNFHQAIINVNGFGRDDSFYFRAGGDFICTRNGSFDNVEIRSDR
139,K62PH164C2,460,57,NGGTGSTNASDARLAFGLRMIDVPSNTSGATRCIKIATIKSPGAAGSFASMSIYGGS
140,A1c,1420,40,HLPRYVPGRVLQMQNSSVTNMAFMRFSGDRKSLLVYEFMW
141,K1PH164C1,803,40,HLPRYIPGRVLQMQNSSVTNMAFSRMSGERNSLLVYEFMW
142,K8PH128,488,40,HVPNYIPNGVYSINGSGTENFACVLTKGAPSKVFIYKFLY
143,S9a,203,40,DVAWAVSPGVASAIFTVSINILRRYNQGDRVALFLKHSSA
144,K13PH07C1S,1294,41,SQNTRRYIEITAGHTNIFNVVGGSIVTNANAGQTQALIHVS
145,K13PH07C1L,326,41,SQNTRRYIEITAGHTNIFNVVGGSIVTNANAGQTQALIHVS
146,K2alfa62,2098,41,RVSSQTYNGRDAGESTRARLTAVGVATGINTKDTLVEIVVR
147,K2PH164C2,1168,41,RVSSQTYSGRDTGESTRTRLTAVGVATGINTKDTLVEIVVS
148,A1h,1960,41,SASTRRYVDISAGHTNVFNIIGGSIVTNSNPGQTQALLYVS
149,S8c,1136,41,RVSSQSYNGRDTGESTRVRLTAVGVATGIGTRDTLVEIVVS
150,K7PH164C4,2541,41,TLNRNMYGHMGPRYGMGSNPVGGPYAHNIQTESYQEVQYKA
151,K30lambda2,2543,41,TLNRNMYGHMGPRYGQSSNPVGGPYSHNIQTESYQEIQYKA
152,S8a,271,41,DARMKHDIKPTDGQLSVDRIRALELVTFVYNDDEQERTRRG
153,K69PH164C2,2267,26,VQRAMEIMESFGLEPFKYGFICYDKW
154,K2064PH2,2157,26,VQRAMEIMESFGLEPFKYGFICYDKW
155,K18PH07C1,1138,26,VQDAMRVMRKHGLDWTKYSAFCYDKW
156,K65PH164,1943,26,QNESISKIADYGLSPGDSVFLVCDMY
157,K12P1,1240,26,KRQYVIPANAFNEDTFQTALNIYDMY
158,S11a,244,21,FPFYSTGRHVFRDIVFDGRDK
159,S10a,497,21,FPFYSTGRHVFRDIVFDGRDK
160,K54lambda1,2650,21,LQFSSVGKQVFLKEHTTGQNA
161,K29PH164C1,204,21,LSIAVKGRHVFLPASMATYKV
162,S8b,274,28,AWGGFYVEEYVGTEHRIIMYMDGFGRTD
163,K30lambda2,2562,28,PVGGPYSHNIQTESYQEIQYKAGFFRGP
164,K7PH164C4,2560,28,PVGGPYAHNIQTESYQEVQYKAGFFRGP
165,S8c,1470,28,AVANYYIEELVGTEHRIVAYLDGYGRSD
166,K65PH164,3646,28,AYASLYFQEYVGNFHQAIINVNGFGRDD
167,K2064PH2,2144,28,ADMNDVREHCGLTVQRAMEIMESFGLEP
168,K14PH164C1,2026,28,NYGSTYGEGSIKQTNQNITVRDGSGRVR
169,S13d,790,28,KWFKLSGCQFFTTTGAKVPYMKLFSGSI
170,K2064PH2,397,29,KTMYTSCNVMFDDEENQYEQDIEPVFNPD
171,K33PH14C2,397,29,KTMYTSCNVMFDDAENQYEQDVEPVFNAD
172,K7PH164C4,2656,29,EFIVNGINLMNTGWKFINQNDINYSPGNR
173,K30lambda2,2658,29,EFIVNGINLMNTGWKFINQNDINYSPGNR
174,K34PH164,80,29,NVSVGNINVMNDNSMVILGKNSDLALLKK
175,K49PH164C2,80,29,NVSVGNINVMNDNSMIILGKNSDLALLKK
176,K11PH164C1,2087,29,SVYVRPINFLLEDKTVLQSWDTNRNMKAK
177,K2069PH1,573,99,EQYVVTRIEKGSDDDEFTFAITATQYNPNKYDAIDNGVITDDRPTSVVDPDSMGAPKDLTISSFSRIVQGMSVETMVIGWSAVQYAKLYEVQWRKDGGN
178,K2064PH2,573,99,EQYVVTRIEKGSDDDEFTFAITATQYNPNKYDAIDNGVITDDRPTSVVDPDSMGAPKDLTISSFSRIVQGMSVETMVIGWSAVQYAKLYEVQWRKDGGN
179,K52PH129C1,1536,99,EQYVVTRIEKGSDDDEFTFAITATQYDPNKYDAIDNGVITDGRPTSVVDPDSMGAPKDLTISSFSRIVQGMSVETMVIGWSAVQYAKLYEVQWRKDGGN
180,K65PH164,615,99,SRLREVRLTRPYSQIMLTFSNGAWRASLTDFGDTAKMVVPNGIVPTQVQSGDNVVRRYTSNSEIFITLPLFANSNDIINFTDLDGTSPINHMTVRTFDP
181,K29PH164C1,296,29,LLHDGLTVQGLAQDTAETLRYYRNFENTL
182,K62PH164C2,296,29,LLHDGLTVQGLAQDTAETLRYYRNFESTL
183,K7PH164C4,1542,29,LGWDKLQEEGLISGIFYTLEIRDNTNKLL
184,K30lambda2,1544,29,LGWDKLQEEGLISGIFYTLEIRDNTNKLL
185,K69PH164C2,1533,29,LLSDSLTVDGLAQDVAETLRYYQSQETVI
186,K65PH164,664,29,SGDNVVRRYTSNSEIFITLPLFANSNDII
187,K2069PH1,235,99,FQNQIPTISLKKKWKIIQVPSNYDPINRTYSGTWDGVFKWAWSNNPAWVLYDLIMNQRYGLDQRELGIPVDKWSLYEVAQYCDELVPDNRGGMEPRYLM
188,K2064PH2,235,99,FQNQIPTISLKKKWKIIQVPSNYDPINRTYSGTWDGVFKWAWSNNPAWVLYDLIMNQRYGLDQRELGIPVDKWSLYEVAQYCDELVPDNRGGMEPRYLM
189,K69PH164C2,235,99,FQNQIPTISLKKKWKIIQVPRNYDPINRTYSGTWDGVFKWAWSNNPAWVLYDLIMNQRYGLDQRELGIPVDKWSLYEVAQYCDELVPDNRGGMEPRYLM
190,K52PH129C1,1198,99,FQNQIPTISLKKKWKIIQVPSNYDPINRTYSGTWNGVFKWAWSNNPAWVLYDLIMNQRYGLDQRELGIPVDKWSLYEVAQYCDELVPDNRGGMEPRYLM
191,K33PH14C2,235,99,FQNQIPTISLKKKWKIIQVPSNYDPVNRTYAGTWDGTFKWAWSNNPAWVLYDLIMNQRYGLDQRELGIPVDKWSLYEVSQYCDELVPDNRGGMEPRYLM
192,K32PH164C1,1214,53,CYNPLEDLTQWSEVDSRLRIFGNHFQKRVHQIMCLPVNMCVPFHFIRGTVTQC
193,K30lambda2,2833,53,CYNPLEDLTQWSEVDSRLRIFGNHFQKRVHQIMCLPVNMCVPFHFIRGTVTQC
194,K65PH164,727,53,VRTSGSGFLVYDAIDKIWRIFENDLRTRVRIITSDVTLMPNEHISVFGADNST
195,K7PH164C4,2829,55,IGCYNPLEDLTQWSEVDSRLRIFGNHFQKRVHQIMCLPVNMCVPFHFIRGTVTQC
196,K30lambda2,2831,55,IGCYNPLEDLTQWSEVDSRLRIFGNHFQKRVHQIMCLPVNMCVPFHFIRGTVTQC
197,K65PH164,725,55,IQVRTSGSGFLVYDAIDKIWRIFENDLRTRVRIITSDVTLMPNEHISVFGADNST
198,S8b,362,56,FIAQQAETVDEVYTYQDVEQEIDGERFRVMNVDYVAIIADLVSSVQELRKELRELK
199,S8c,1558,56,FIAQQAETVDKVYTYQDVEQEIDGERIKVMNVDYVAIIADLVSSVQELKAQIRELK
200,S9a,103,56,FSGGVWAIPPTIFTAQPFVEVSDPGAWTVDNTAWVKVPLNTVSTDTANGWDATDNT
201,K43PH164C1,1490,29,GEDPYIHLINRDEYEQYYAVFTGNDVRVF
202,K35PH164C3,60,29,GEDPYIHLINRDEYEQYYAVFTGNDVRVF
203,K7PH164C4,864,29,GELLPSHGAKRPEYQEDYGFFHANKSVNF
204,K30lambda2,866,29,GELLPSHGAKRPEYQEDYGFFHANKSVNF
205,K39PH122C2,1692,29,GDGPYSSILVFDAQDEYTPCVSARGGWGT
206,K65PH164,1,29,AQNNYNHYSDLAKYRIFDPTNTQWPVAIK
207,S8c,1204,29,NISDQLAADIHNAFNKYYTDLTNQDQIFF
208,K35PH164C3,56,29,RGYLGEDPYIHLINRDEYEQYYAVFTGND
209,A3b,56,29,RGYLGEDPYIHLINRDEYEQYYAVFTGND
210,K7PH164C4,860,29,EIVNGELLPSHGAKRPEYQEDYGFFHANK
211,K30lambda2,862,29,EIVNGELLPSHGAKRPEYQEDYGFFHANK
212,S8a,239,29,RGFNAPVQYTALLPDGRIQNSQNGFVQFQ
213,S8c,1295,29,MIYLGKNSDLALLKKSGQGGTIAVGSGTP
214,K2alfa62,1248,57,CSAFRGMTFYNGESLSIIVDKPRDPVYLFTADNVVDGVFVRTFPSEKTMYTSCNVMF
215,K2PH164C2,351,57,CSAFRGMTFYNGESLSIIVDKPRDPVYLFTADNVVDGVFVRTFPSEKTMYTSCNVMF
216,K2PH164C1,1248,57,CSAFRGMTFYNGESLSIIVDKPRDPVYLFTADNVVDGVFVRTFPSEKTMYTSCNVMF
217,S8a,164,57,IYSGTITNYYGNYSPAYVAMLQNDPPTANTGDIIASPSSVWRFRNRGADNNGDSGAC
218,K7PH164C4,2840,39,QWSEVDSRLRIFGNHFQKRVHQIMCLPVNMCVPFHFIRG
219,K30lambda2,2842,39,QWSEVDSRLRIFGNHFQKRVHQIMCLPVNMCVPFHFIRG
220,K65PH164,736,39,VYDAIDKIWRIFENDLRTRVRIITSDVTLMPNEHISVFG
221,S8c,1388,39,GTPYIDFHFNNSTADYTTRLIELVSGELTLEGAFMCKRH
222,S11a,323,57,DSMMIACTINANDRGVALTGGANNNFFGGCRNEWNSGDNWYAFQSVENQISGELCDR
223,S10a,581,57,DSMMFGCTINANDRGVALTGGANNNFFGGCRNEWNTGDNWYAFQSVENQIFGELCDR
224,K25PH129C1,1278,57,DSNLIGCVFNANARGVNLQSGANNNSFIACRNEWNDGDNYFAFNAIENIIVGELCDR
225,S8b,204,57,DQISVQSSHLRVDRDLRVFGMADIKGWTQCGVDLSSNRTDFGSPAIGSLVSGGRIRS
226,K54lambda1,1319,29,RGRFQTPGIMEYVATHQNDHKFALFMHYR
227,K23PH08C2,1319,29,RGRFQTPGIMEYVATHQNDHKFALFMHYR
228,K54lambda2,1191,29,EGMIPSCGDVIYIADPHWQSAFNLVLSGR
229,K7PH164C4,603,29,LPRDDNGNMLCFVESDWNEEEKELNIQVF
230,S8c,1553,29,RVRRGFIAQQAETVDKVYTYQDVEQEIDG
231,S8b,357,29,RVRRGFIAQQAETVDEVYTYQDVEQEIDG
232,K63PH128,919,29,MKQLHFGGVPVQNEDGTFNYEGVIAEFRP
233,K2064PH2,46,29,LKQLHFGGVPVQNEDGTFNYEGVIAEFRP
234,K74PH129C2,2026,29,DLNRGNTAAHYETVTPPPSSQEVTLEIVP
235,S13b,34,29,YYTDRFGVQRLTNTGRNYQFQTAQDERET
236,K54lambda1,1318,57,HRGRFQTPGIMEYVATHQNDHKFALFMHYRVTRAGAGTGATSATEALIASQTSPSSN
237,K23PH08C2,1318,57,HRGRFQTPGIMEYVATHQNDHKFALFMHYRVTRAGAGTGATSATEALIASQTSPSSN
238,K58PH129C2,1179,57,EPSSIHHAGIVIYEANHCVVTRCNIVYRGRTDREGHGIGIFHGNDNLIALCTASGAN
239,A3d,1981,80,ASVDSGENVQFFGGSVYNCINSTLTAVGVHHSPESTGLEMCFNGTSFDYNDQDLFQIHSTFRFDKCHFENNNNQPKITIQ
240,A3c,1877,80,ASVDSGENIQFFGGSVYNCISSNLTAVGIYHSPESTGLEMNFNGTSFDYNDQDLFQIHSTFRFDKCHFENNNNRPKITIQ
241,K61PH164C1,847,80,ANDDSNENYTFVGGSIFNVNNPTFNGTGFYIDSVASQVDIGFRGTSFDYCDISMYLRNSYVECSACHFENNNNNAHIICE
242,A1j,2002,80,ASVNSNENHGFIGGSIFNVNNTSFNGVGLYVDSGASDTELYLSHCSIDYCDESVNLRLGRLNLNSCHLENNNNNPHIRLQ
243,K7PH164C4,2829,55,IGCYNPLEDLTQWSEVDSRLRIFGNHFQKRVHQIMCLPVNMCVPFHFIRGTVTQC
244,K30lambda2,2831,55,IGCYNPLEDLTQWSEVDSRLRIFGNHFQKRVHQIMCLPVNMCVPFHFIRGTVTQC
245,K65PH164,725,55,IQVRTSGSGFLVYDAIDKIWRIFENDLRTRVRIITSDVTLMPNEHISVFGADNST
246,K50PH164C1,2201,80,SHGSGVFSRCGDTNSAINIDYNSGKVVILAANDSSLAAGNVKVNTLYGTANKPSKSDVGLSNVTNDAQVKKAGDTMTGDL
247,K65PH164,2827,80,SHGTGFYGRASDTMAALNIDYATGNVRVFAINDSGLASGRVNSNVLYGTANKPSKADVGLGNLTNDTQVKKAGDTMTGDL
248,K43PH164C1,657,80,SAGAAGLRITGSTNVDVPSGTFSGTFPGLCINQTGNTNLFIASTILYDTASGRINSPVASMFMDIPAVIISAKEAADGTL
249,K49PH164C2,323,40,ACERIERLGVCQYRMKGESRVRRGFIAQQADTVDKVYTYQ
250,K34PH164,338,40,ACERIERLGVCQYRMKGESRVRRGFIAQQADTVDKVYTYQ
251,K65PH164,400,40,HSWRFEAYASSNFFFNNIPPNATVQIRPTEDSRIIFYDCM
252,K7PH164C4,2558,38,SNPVGGPYAHNIQTESYQEVQYKAGFFRGPPNNFMGWE
253,K30lambda2,2560,38,SNPVGGPYSHNIQTESYQEIQYKAGFFRGPPNNFMGWE
254,K34PH164,272,38,SGAWGGFYVEEYVGTEHRIIMYMDGFGRTDAWSFRSGG
255,K65PH164,3644,38,NGAYASLYFQEYVGNFHQAIINVNGFGRDDSFYFRAGG
256,K6PH25C3,1595,38,KNAAIGIVADGTVGSCSWGELQFTNCGHAMAWQGGDRC
257,S8b,279,28,YVEEYVGTEHRIIMYMDGFGRTDAWSFR
258,K34PH164,279,28,YVEEYVGTEHRIIMYMDGFGRTDAWSFR
259,S8c,1475,28,YIEELVGTEHRIVAYLDGYGRSDAWIFR
260,K65PH164,3651,28,YFQEYVGNFHQAIINVNGFGRDDSFYFR
261,K30lambda2,2567,28,YSHNIQTESYQEIQYKAGFFRGPPNNFM
262,K2069PH1,1949,28,VREHCGLTVQRAMEIMESFGLEPFKYGF
263,K2064PH2,2149,28,VREHCGLTVQRAMEIMESFGLEPFKYGF
264,K7PH164C4,2565,28,YAHNIQTESYQEVQYKAGFFRGPPNNFM
265,K50PH164C1,2839,28,WLEEYRGYEHRAVIEVSKWGDSGTTQYW
266,K62PH164C2,778,28,IEKRCPDAIGRMEIELDGEVIPDAMSVD
267,K62PH164C2,735,29,SDIRLKRDFKPISSPLESVMSFRGATYEM
268,K29PH164C1,733,29,SDIRLKRDFKPISSPLESVMSFRGATYEM
269,K65PH164,3698,29,SDRRAKSDIKVIENALEKVETLSGNTYEL
270,K2064PH2,2109,29,SDGRMKNDVRAMNDPETEAAKAIAKEIGF
271,K74PH129C2,182,29,KEDPPKVDAQAIAEALATLLRAAHPTWTF
272,K30lambda2,2719,57,RPDNGAEFGQGNISEMHVTTVGVYNFRSDAQWYVKSNPPEIGNQWGPVWSESTRPLR
273,K7PH164C4,2717,57,RPDNGAEFGQGNISEMHVTTVGVYNFRSDAQWYVKSNPPEIGNQWGPVWSEATRPLR
274,K65PH164,3644,57,NGAYASLYFQEYVGNFHQAIINVNGFGRDDSFYFRAGGDFICTRNGSFDNVEIRSDR
275,K62PH164C2,460,57,NGGTGSTNASDARLAFGLRMIDVPSNTSGATRCIKIATIKSPGAAGSFASMSIYGGS
276,A1c,1420,40,HLPRYVPGRVLQMQNSSVTNMAFMRFSGDRKSLLVYEFMW
277,K1PH164C1,803,40,HLPRYIPGRVLQMQNSSVTNMAFSRMSGERNSLLVYEFMW
278,K8PH128,488,40,HVPNYIPNGVYSINGSGTENFACVLTKGAPSKVFIYKFLY
279,S9a,203,40,DVAWAVSPGVASAIFTVSINILRRYNQGDRVALFLKHSSA
280,K13PH07C1S,1294,41,SQNTRRYIEITAGHTNIFNVVGGSIVTNANAGQTQALIHVS
281,K13PH07C1L,326,41,SQNTRRYIEITAGHTNIFNVVGGSIVTNANAGQTQALIHVS
282,K2alfa62,2098,41,RVSSQTYNGRDAGESTRARLTAVGVATGINTKDTLVEIVVR
283,K2PH164C2,1168,41,RVSSQTYSGRDTGESTRTRLTAVGVATGINTKDTLVEIVVS
284,A1h,1960,41,SASTRRYVDISAGHTNVFNIIGGSIVTNSNPGQTQALLYVS
285,S8c,1136,41,RVSSQSYNGRDTGESTRVRLTAVGVATGIGTRDTLVEIVVS
286,K7PH164C4,2541,41,TLNRNMYGHMGPRYGMGSNPVGGPYAHNIQTESYQEVQYKA
287,K30lambda2,2543,41,TLNRNMYGHMGPRYGQSSNPVGGPYSHNIQTESYQEIQYKA
288,S8a,271,41,DARMKHDIKPTDGQLSVDRIRALELVTFVYNDDEQERTRRG
289,K69PH164C2,2267,26,VQRAMEIMESFGLEPFKYGFICYDKW
290,K2064PH2,2157,26,VQRAMEIMESFGLEPFKYGFICYDKW
291,K18PH07C1,1138,26,VQDAMRVMRKHGLDWTKYSAFCYDKW
292,K65PH164,1943,26,QNESISKIADYGLSPGDSVFLVCDMY
293,K12P1,1240,26,KRQYVIPANAFNEDTFQTALNIYDMY
294,S11a,244,21,FPFYSTGRHVFRDIVFDGRDK
295,S10a,497,21,FPFYSTGRHVFRDIVFDGRDK
296,K54lambda1,2650,21,LQFSSVGKQVFLKEHTTGQNA
297,K29PH164C1,204,21,LSIAVKGRHVFLPASMATYKV
298,S8b,274,28,AWGGFYVEEYVGTEHRIIMYMDGFGRTD
299,K30lambda2,2562,28,PVGGPYSHNIQTESYQEIQYKAGFFRGP
300,K7PH164C4,2560,28,PVGGPYAHNIQTESYQEVQYKAGFFRGP
301,S8c,1470,28,AVANYYIEELVGTEHRIVAYLDGYGRSD
302,K65PH164,3646,28,AYASLYFQEYVGNFHQAIINVNGFGRDD
303,K2064PH2,2144,28,ADMNDVREHCGLTVQRAMEIMESFGLEP
304,K14PH164C1,2026,28,NYGSTYGEGSIKQTNQNITVRDGSGRVR
305,S13d,790,28,KWFKLSGCQFFTTTGAKVPYMKLFSGSI
306,K2064PH2,397,29,KTMYTSCNVMFDDEENQYEQDIEPVFNPD
307,K33PH14C2,397,29,KTMYTSCNVMFDDAENQYEQDVEPVFNAD
308,K7PH164C4,2656,29,EFIVNGINLMNTGWKFINQNDINYSPGNR
309,K30lambda2,2658,29,EFIVNGINLMNTGWKFINQNDINYSPGNR
310,K34PH164,80,29,NVSVGNINVMNDNSMVILGKNSDLALLKK
311,K49PH164C2,80,29,NVSVGNINVMNDNSMIILGKNSDLALLKK
312,K11PH164C1,2087,29,SVYVRPINFLLEDKTVLQSWDTNRNMKAK
313,K2069PH1,573,99,EQYVVTRIEKGSDDDEFTFAITATQYNPNKYDAIDNGVITDDRPTSVVDPDSMGAPKDLTISSFSRIVQGMSVETMVIGWSAVQYAKLYEVQWRKDGGN
314,K2064PH2,573,99,EQYVVTRIEKGSDDDEFTFAITATQYNPNKYDAIDNGVITDDRPTSVVDPDSMGAPKDLTISSFSRIVQGMSVETMVIGWSAVQYAKLYEVQWRKDGGN
315,K52PH129C1,1536,99,EQYVVTRIEKGSDDDEFTFAITATQYDPNKYDAIDNGVITDGRPTSVVDPDSMGAPKDLTISSFSRIVQGMSVETMVIGWSAVQYAKLYEVQWRKDGGN
316,K65PH164,615,99,SRLREVRLTRPYSQIMLTFSNGAWRASLTDFGDTAKMVVPNGIVPTQVQSGDNVVRRYTSNSEIFITLPLFANSNDIINFTDLDGTSPINHMTVRTFDP
317,K29PH164C1,296,29,LLHDGLTVQGLAQDTAETLRYYRNFENTL
318,K62PH164C2,296,29,LLHDGLTVQGLAQDTAETLRYYRNFESTL
319,K7PH164C4,1542,29,LGWDKLQEEGLISGIFYTLEIRDNTNKLL
320,K30lambda2,1544,29,LGWDKLQEEGLISGIFYTLEIRDNTNKLL
321,K69PH164C2,1533,29,LLSDSLTVDGLAQDVAETLRYYQSQETVI
322,K65PH164,664,29,SGDNVVRRYTSNSEIFITLPLFANSNDII
323,K2069PH1,235,99,FQNQIPTISLKKKWKIIQVPSNYDPINRTYSGTWDGVFKWAWSNNPAWVLYDLIMNQRYGLDQRELGIPVDKWSLYEVAQYCDELVPDNRGGMEPRYLM
324,K2064PH2,235,99,FQNQIPTISLKKKWKIIQVPSNYDPINRTYSGTWDGVFKWAWSNNPAWVLYDLIMNQRYGLDQRELGIPVDKWSLYEVAQYCDELVPDNRGGMEPRYLM
325,K69PH164C2,235,99,FQNQIPTISLKKKWKIIQVPRNYDPINRTYSGTWDGVFKWAWSNNPAWVLYDLIMNQRYGLDQRELGIPVDKWSLYEVAQYCDELVPDNRGGMEPRYLM
326,K52PH129C1,1198,99,FQNQIPTISLKKKWKIIQVPSNYDPINRTYSGTWNGVFKWAWSNNPAWVLYDLIMNQRYGLDQRELGIPVDKWSLYEVAQYCDELVPDNRGGMEPRYLM
327,K33PH14C2,235,99,FQNQIPTISLKKKWKIIQVPSNYDPVNRTYAGTWDGTFKWAWSNNPAWVLYDLIMNQRYGLDQRELGIPVDKWSLYEVSQYCDELVPDNRGGMEPRYLM
328,K32PH164C1,1214,53,CYNPLEDLTQWSEVDSRLRIFGNHFQKRVHQIMCLPVNMCVPFHFIRGTVTQC
329,K30lambda2,2833,53,CYNPLEDLTQWSEVDSRLRIFGNHFQKRVHQIMCLPVNMCVPFHFIRGTVTQC
330,K65PH164,727,53,VRTSGSGFLVYDAIDKIWRIFENDLRTRVRIITSDVTLMPNEHISVFGADNST
331,K7PH164C4,2829,55,IGCYNPLEDLTQWSEVDSRLRIFGNHFQKRVHQIMCLPVNMCVPFHFIRGTVTQC
332,K30lambda2,2831,55,IGCYNPLEDLTQWSEVDSRLRIFGNHFQKRVHQIMCLPVNMCVPFHFIRGTVTQC
333,K65PH164,725,55,IQVRTSGSGFLVYDAIDKIWRIFENDLRTRVRIITSDVTLMPNEHISVFGADNST
334,S8b,362,56,FIAQQAETVDEVYTYQDVEQEIDGERFRVMNVDYVAIIADLVSSVQELRKELRELK
335,S8c,1558,56,FIAQQAETVDKVYTYQDVEQEIDGERIKVMNVDYVAIIADLVSSVQELKAQIRELK
336,S9a,103,56,FSGGVWAIPPTIFTAQPFVEVSDPGAWTVDNTAWVKVPLNTVSTDTANGWDATDNT
337,K43PH164C1,1490,29,GEDPYIHLINRDEYEQYYAVFTGNDVRVF
338,K35PH164C3,60,29,GEDPYIHLINRDEYEQYYAVFTGNDVRVF
339,K7PH164C4,864,29,GELLPSHGAKRPEYQEDYGFFHANKSVNF
340,K30lambda2,866,29,GELLPSHGAKRPEYQEDYGFFHANKSVNF
341,K39PH122C2,1692,29,GDGPYSSILVFDAQDEYTPCVSARGGWGT
342,K65PH164,1,29,AQNNYNHYSDLAKYRIFDPTNTQWPVAIK
343,S8c,1204,29,NISDQLAADIHNAFNKYYTDLTNQDQIFF
344,K35PH164C3,56,29,RGYLGEDPYIHLINRDEYEQYYAVFTGND
345,A3b,56,29,RGYLGEDPYIHLINRDEYEQYYAVFTGND
346,K7PH164C4,860,29,EIVNGELLPSHGAKRPEYQEDYGFFHANK
347,K30lambda2,862,29,EIVNGELLPSHGAKRPEYQEDYGFFHANK
348,S8a,239,29,RGFNAPVQYTALLPDGRIQNSQNGFVQFQ
349,S8c,1295,29,MIYLGKNSDLALLKKSGQGGTIAVGSGTP
350,K2alfa62,1248,57,CSAFRGMTFYNGESLSIIVDKPRDPVYLFTADNVVDGVFVRTFPSEKTMYTSCNVMF
351,K2PH164C2,351,57,CSAFRGMTFYNGESLSIIVDKPRDPVYLFTADNVVDGVFVRTFPSEKTMYTSCNVMF
352,K2PH164C1,1248,57,CSAFRGMTFYNGESLSIIVDKPRDPVYLFTADNVVDGVFVRTFPSEKTMYTSCNVMF
353,S8a,164,57,IYSGTITNYYGNYSPAYVAMLQNDPPTANTGDIIASPSSVWRFRNRGADNNGDSGAC
354,K7PH164C4,2840,39,QWSEVDSRLRIFGNHFQKRVHQIMCLPVNMCVPFHFIRG
355,K30lambda2,2842,39,QWSEVDSRLRIFGNHFQKRVHQIMCLPVNMCVPFHFIRG
356,K65PH164,736,39,VYDAIDKIWRIFENDLRTRVRIITSDVTLMPNEHISVFG
357,S8c,1388,39,GTPYIDFHFNNSTADYTTRLIELVSGELTLEGAFMCKRH
358,S11a,323,57,DSMMIACTINANDRGVALTGGANNNFFGGCRNEWNSGDNWYAFQSVENQISGELCDR
359,S10a,581,57,DSMMFGCTINANDRGVALTGGANNNFFGGCRNEWNTGDNWYAFQSVENQIFGELCDR
360,K25PH129C1,1278,57,DSNLIGCVFNANARGVNLQSGANNNSFIACRNEWNDGDNYFAFNAIENIIVGELCDR
361,S8b,204,57,DQISVQSSHLRVDRDLRVFGMADIKGWTQCGVDLSSNRTDFGSPAIGSLVSGGRIRS
362,K54lambda1,1319,29,RGRFQTPGIMEYVATHQNDHKFALFMHYR
363,K23PH08C2,1319,29,RGRFQTPGIMEYVATHQNDHKFALFMHYR
364,K54lambda2,1191,29,EGMIPSCGDVIYIADPHWQSAFNLVLSGR
365,K7PH164C4,603,29,LPRDDNGNMLCFVESDWNEEEKELNIQVF
366,S8c,1553,29,RVRRGFIAQQAETVDKVYTYQDVEQEIDG
367,S8b,357,29,RVRRGFIAQQAETVDEVYTYQDVEQEIDG
368,K63PH128,919,29,MKQLHFGGVPVQNEDGTFNYEGVIAEFRP
369,K2064PH2,46,29,LKQLHFGGVPVQNEDGTFNYEGVIAEFRP
370,K74PH129C2,2026,29,DLNRGNTAAHYETVTPPPSSQEVTLEIVP
371,S13b,34,29,YYTDRFGVQRLTNTGRNYQFQTAQDERET
372,K54lambda1,1318,57,HRGRFQTPGIMEYVATHQNDHKFALFMHYRVTRAGAGTGATSATEALIASQTSPSSN
373,K23PH08C2,1318,57,HRGRFQTPGIMEYVATHQNDHKFALFMHYRVTRAGAGTGATSATEALIASQTSPSSN
374,K58PH129C2,1179,57,EPSSIHHAGIVIYEANHCVVTRCNIVYRGRTDREGHGIGIFHGNDNLIALCTASGAN
375,A3d,1981,80,ASVDSGENVQFFGGSVYNCINSTLTAVGVHHSPESTGLEMCFNGTSFDYNDQDLFQIHSTFRFDKCHFENNNNQPKITIQ
376,A3c,1877,80,ASVDSGENIQFFGGSVYNCISSNLTAVGIYHSPESTGLEMNFNGTSFDYNDQDLFQIHSTFRFDKCHFENNNNRPKITIQ
377,K61PH164C1,847,80,ANDDSNENYTFVGGSIFNVNNPTFNGTGFYIDSVASQVDIGFRGTSFDYCDISMYLRNSYVECSACHFENNNNNAHIICE
378,A1j,2002,80,ASVNSNENHGFIGGSIFNVNNTSFNGVGLYVDSGASDTELYLSHCSIDYCDESVNLRLGRLNLNSCHLENNNNNPHIRLQ
379,K7PH164C4,2829,55,IGCYNPLEDLTQWSEVDSRLRIFGNHFQKRVHQIMCLPVNMCVPFHFIRGTVTQC
380,K30lambda2,2831,55,IGCYNPLEDLTQWSEVDSRLRIFGNHFQKRVHQIMCLPVNMCVPFHFIRGTVTQC
381,K65PH164,725,55,IQVRTSGSGFLVYDAIDKIWRIFENDLRTRVRIITSDVTLMPNEHISVFGADNST
382,K50PH164C1,2201,80,SHGSGVFSRCGDTNSAINIDYNSGKVVILAANDSSLAAGNVKVNTLYGTANKPSKSDVGLSNVTNDAQVKKAGDTMTGDL
383,K65PH164,2827,80,SHGTGFYGRASDTMAALNIDYATGNVRVFAINDSGLASGRVNSNVLYGTANKPSKADVGLGNLTNDTQVKKAGDTMTGDL
384,K43PH164C1,657,80,SAGAAGLRITGSTNVDVPSGTFSGTFPGLCINQTGNTNLFIASTILYDTASGRINSPVASMFMDIPAVIISAKEAADGTL
385,K49PH164C2,323,40,ACERIERLGVCQYRMKGESRVRRGFIAQQADTVDKVYTYQ
386,K34PH164,338,40,ACERIERLGVCQYRMKGESRVRRGFIAQQADTVDKVYTYQ
387,K65PH164,400,40,HSWRFEAYASSNFFFNNIPPNATVQIRPTEDSRIIFYDCM
388,K7PH164C4,2558,38,SNPVGGPYAHNIQTESYQEVQYKAGFFRGPPNNFMGWE
389,K30lambda2,2560,38,SNPVGGPYSHNIQTESYQEIQYKAGFFRGPPNNFMGWE
390,K34PH164,272,38,SGAWGGFYVEEYVGTEHRIIMYMDGFGRTDAWSFRSGG
391,K65PH164,3644,38,NGAYASLYFQEYVGNFHQAIINVNGFGRDDSFYFRAGG
392,K6PH25C3,1595,38,KNAAIGIVADGTVGSCSWGELQFTNCGHAMAWQGGDRC
393,S8b,279,28,YVEEYVGTEHRIIMYMDGFGRTDAWSFR
394,K34PH164,279,28,YVEEYVGTEHRIIMYMDGFGRTDAWSFR
395,S8c,1475,28,YIEELVGTEHRIVAYLDGYGRSDAWIFR
396,K65PH164,3651,28,YFQEYVGNFHQAIINVNGFGRDDSFYFR
397,K30lambda2,2567,28,YSHNIQTESYQEIQYKAGFFRGPPNNFM
398,K2069PH1,1949,28,VREHCGLTVQRAMEIMESFGLEPFKYGF
399,K2064PH2,2149,28,VREHCGLTVQRAMEIMESFGLEPFKYGF
400,K7PH164C4,2565,28,YAHNIQTESYQEVQYKAGFFRGPPNNFM
401,K50PH164C1,2839,28,WLEEYRGYEHRAVIEVSKWGDSGTTQYW
402,K62PH164C2,778,28,IEKRCPDAIGRMEIELDGEVIPDAMSVD
403,K62PH164C2,735,29,SDIRLKRDFKPISSPLESVMSFRGATYEM
404,K29PH164C1,733,29,SDIRLKRDFKPISSPLESVMSFRGATYEM
405,K65PH164,3698,29,SDRRAKSDIKVIENALEKVETLSGNTYEL
406,K2064PH2,2109,29,SDGRMKNDVRAMNDPETEAAKAIAKEIGF
407,K74PH129C2,182,29,KEDPPKVDAQAIAEALATLLRAAHPTWTF
408,K30lambda2,2719,57,RPDNGAEFGQGNISEMHVTTVGVYNFRSDAQWYVKSNPPEIGNQWGPVWSESTRPLR
409,K7PH164C4,2717,57,RPDNGAEFGQGNISEMHVTTVGVYNFRSDAQWYVKSNPPEIGNQWGPVWSEATRPLR
410,K65PH164,3644,57,NGAYASLYFQEYVGNFHQAIINVNGFGRDDSFYFRAGGDFICTRNGSFDNVEIRSDR
411,K62PH164C2,460,57,NGGTGSTNASDARLAFGLRMIDVPSNTSGATRCIKIATIKSPGAAGSFASMSIYGGS
412,A1c,1420,40,HLPRYVPGRVLQMQNSSVTNMAFMRFSGDRKSLLVYEFMW
413,K1PH164C1,803,40,HLPRYIPGRVLQMQNSSVTNMAFSRMSGERNSLLVYEFMW
414,K8PH128,488,40,HVPNYIPNGVYSINGSGTENFACVLTKGAPSKVFIYKFLY
415,S9a,203,40,DVAWAVSPGVASAIFTVSINILRRYNQGDRVALFLKHSSA
416,K13PH07C1S,1294,41,SQNTRRYIEITAGHTNIFNVVGGSIVTNANAGQTQALIHVS
417,K13PH07C1L,326,41,SQNTRRYIEITAGHTNIFNVVGGSIVTNANAGQTQALIHVS
418,K2alfa62,2098,41,RVSSQTYNGRDAGESTRARLTAVGVATGINTKDTLVEIVVR
419,K2PH164C2,1168,41,RVSSQTYSGRDTGESTRTRLTAVGVATGINTKDTLVEIVVS
420,A1h,1960,41,SASTRRYVDISAGHTNVFNIIGGSIVTNSNPGQTQALLYVS
421,S8c,1136,41,RVSSQSYNGRDTGESTRVRLTAVGVATGIGTRDTLVEIVVS
422,K7PH164C4,2541,41,TLNRNMYGHMGPRYGMGSNPVGGPYAHNIQTESYQEVQYKA
423,K30lambda2,2543,41,TLNRNMYGHMGPRYGQSSNPVGGPYSHNIQTESYQEIQYKA
424,S8a,271,41,DARMKHDIKPTDGQLSVDRIRALELVTFVYNDDEQERTRRG
425,A1c,1420,40,HLPRYVPGRVLQMQNSSVTNMAFMRFSGDRKSLLVYEFMW
426,K1PH164C1,803,40,HLPRYIPGRVLQMQNSSVTNMAFSRMSGERNSLLVYEFMW
427,K8PH128,488,40,HVPNYIPNGVYSINGSGTENFACVLTKGAPSKVFIYKFLY
428,S9a,203,40,DVAWAVSPGVASAIFTVSINILRRYNQGDRVALFLKHSSA
429,K13PH07C1S,1294,41,SQNTRRYIEITAGHTNIFNVVGGSIVTNANAGQTQALIHVS
430,K13PH07C1L,326,41,SQNTRRYIEITAGHTNIFNVVGGSIVTNANAGQTQALIHVS
431,K2alfa62,2098,41,RVSSQTYNGRDAGESTRARLTAVGVATGINTKDTLVEIVVR
432,K2PH164C2,1168,41,RVSSQTYSGRDTGESTRTRLTAVGVATGINTKDTLVEIVVS
433,A1h,1960,41,SASTRRYVDISAGHTNVFNIIGGSIVTNSNPGQTQALLYVS
434,S8c,1136,41,RVSSQSYNGRDTGESTRVRLTAVGVATGIGTRDTLVEIVVS
435,K7PH164C4,2541,41,TLNRNMYGHMGPRYGMGSNPVGGPYAHNIQTESYQEVQYKA
436,K30lambda2,2543,41,TLNRNMYGHMGPRYGQSSNPVGGPYSHNIQTESYQEIQYKA
437,S8a,271,41,DARMKHDIKPTDGQLSVDRIRALELVTFVYNDDEQERTRRG
438,K69PH164C2,2267,26,VQRAMEIMESFGLEPFKYGFICYDKW
439,K2064PH2,2157,26,VQRAMEIMESFGLEPFKYGFICYDKW
440,K18PH07C1,1138,26,VQDAMRVMRKHGLDWTKYSAFCYDKW
441,K65PH164,1943,26,QNESISKIADYGLSPGDSVFLVCDMY
442,K12P1,1240,26,KRQYVIPANAFNEDTFQTALNIYDMY
443,S11a,244,21,FPFYSTGRHVFRDIVFDGRDK
444,S10a,497,21,FPFYSTGRHVFRDIVFDGRDK
445,K54lambda1,2650,21,LQFSSVGKQVFLKEHTTGQNA
446,K29PH164C1,204,21,LSIAVKGRHVFLPASMATYKV
447,S8b,274,28,AWGGFYVEEYVGTEHRIIMYMDGFGRTD
448,K30lambda2,2562,28,PVGGPYSHNIQTESYQEIQYKAGFFRGP
449,K7PH164C4,2560,28,PVGGPYAHNIQTESYQEVQYKAGFFRGP
450,S8c,1470,28,AVANYYIEELVGTEHRIVAYLDGYGRSD
451,K65PH164,3646,28,AYASLYFQEYVGNFHQAIINVNGFGRDD
452,K2064PH2,2144,28,ADMNDVREHCGLTVQRAMEIMESFGLEP
453,K14PH164C1,2026,28,NYGSTYGEGSIKQTNQNITVRDGSGRVR
454,S13d,790,28,KWFKLSGCQFFTTTGAKVPYMKLFSGSI
455,K2064PH2,397,29,KTMYTSCNVMFDDEENQYEQDIEPVFNPD
456,K33PH14C2,397,29,KTMYTSCNVMFDDAENQYEQDVEPVFNAD
457,K7PH164C4,2656,29,EFIVNGINLMNTGWKFINQNDINYSPGNR
458,K30lambda2,2658,29,EFIVNGINLMNTGWKFINQNDINYSPGNR
459,K34PH164,80,29,NVSVGNINVMNDNSMVILGKNSDLALLKK
460,K49PH164C2,80,29,NVSVGNINVMNDNSMIILGKNSDLALLKK
461,K11PH164C1,2087,29,SVYVRPINFLLEDKTVLQSWDTNRNMKAK
462,K2069PH1,573,99,EQYVVTRIEKGSDDDEFTFAITATQYNPNKYDAIDNGVITDDRPTSVVDPDSMGAPKDLTISSFSRIVQGMSVETMVIGWSAVQYAKLYEVQWRKDGGN
463,K2064PH2,573,99,EQYVVTRIEKGSDDDEFTFAITATQYNPNKYDAIDNGVITDDRPTSVVDPDSMGAPKDLTISSFSRIVQGMSVETMVIGWSAVQYAKLYEVQWRKDGGN
464,K52PH129C1,1536,99,EQYVVTRIEKGSDDDEFTFAITATQYDPNKYDAIDNGVITDGRPTSVVDPDSMGAPKDLTISSFSRIVQGMSVETMVIGWSAVQYAKLYEVQWRKDGGN
465,K65PH164,615,99,SRLREVRLTRPYSQIMLTFSNGAWRASLTDFGDTAKMVVPNGIVPTQVQSGDNVVRRYTSNSEIFITLPLFANSNDIINFTDLDGTSPINHMTVRTFDP
466,K29PH164C1,296,29,LLHDGLTVQGLAQDTAETLRYYRNFENTL
467,K62PH164C2,296,29,LLHDGLTVQGLAQDTAETLRYYRNFESTL
468,K7PH164C4,1542,29,LGWDKLQEEGLISGIFYTLEIRDNTNKLL
469,K30lambda2,1544,29,LGWDKLQEEGLISGIFYTLEIRDNTNKLL
470,K69PH164C2,1533,29,LLSDSLTVDGLAQDVAETLRYYQSQETVI
471,K65PH164,664,29,SGDNVVRRYTSNSEIFITLPLFANSNDII
472,K2069PH1,235,99,FQNQIPTISLKKKWKIIQVPSNYDPINRTYSGTWDGVFKWAWSNNPAWVLYDLIMNQRYGLDQRELGIPVDKWSLYEVAQYCDELVPDNRGGMEPRYLM
473,K2064PH2,235,99,FQNQIPTISLKKKWKIIQVPSNYDPINRTYSGTWDGVFKWAWSNNPAWVLYDLIMNQRYGLDQRELGIPVDKWSLYEVAQYCDELVPDNRGGMEPRYLM
474,K69PH164C2,235,99,FQNQIPTISLKKKWKIIQVPRNYDPINRTYSGTWDGVFKWAWSNNPAWVLYDLIMNQRYGLDQRELGIPVDKWSLYEVAQYCDELVPDNRGGMEPRYLM
475,K52PH129C1,1198,99,FQNQIPTISLKKKWKIIQVPSNYDPINRTYSGTWNGVFKWAWSNNPAWVLYDLIMNQRYGLDQRELGIPVDKWSLYEVAQYCDELVPDNRGGMEPRYLM
476,K33PH14C2,235,99,FQNQIPTISLKKKWKIIQVPSNYDPVNRTYAGTWDGTFKWAWSNNPAWVLYDLIMNQRYGLDQRELGIPVDKWSLYEVSQYCDELVPDNRGGMEPRYLM
477,K32PH164C1,1214,53,CYNPLEDLTQWSEVDSRLRIFGNHFQKRVHQIMCLPVNMCVPFHFIRGTVTQC
478,K30lambda2,2833,53,CYNPLEDLTQWSEVDSRLRIFGNHFQKRVHQIMCLPVNMCVPFHFIRGTVTQC
479,K65PH164,727,53,VRTSGSGFLVYDAIDKIWRIFENDLRTRVRIITSDVTLMPNEHISVFGADNST
480,K7PH164C4,2829,55,IGCYNPLEDLTQWSEVDSRLRIFGNHFQKRVHQIMCLPVNMCVPFHFIRGTVTQC
481,K30lambda2,2831,55,IGCYNPLEDLTQWSEVDSRLRIFGNHFQKRVHQIMCLPVNMCVPFHFIRGTVTQC
482,K65PH164,725,55,IQVRTSGSGFLVYDAIDKIWRIFENDLRTRVRIITSDVTLMPNEHISVFGADNST
483,S8b,362,56,FIAQQAETVDEVYTYQDVEQEIDGERFRVMNVDYVAIIADLVSSVQELRKELRELK
484,S8c,1558,56,FIAQQAETVDKVYTYQDVEQEIDGERIKVMNVDYVAIIADLVSSVQELKAQIRELK
485,S9a,103,56,FSGGVWAIPPTIFTAQPFVEVSDPGAWTVDNTAWVKVPLNTVSTDTANGWDATDNT
486,K43PH164C1,1490,29,GEDPYIHLINRDEYEQYYAVFTGNDVRVF
487,K35PH164C3,60,29,GEDPYIHLINRDEYEQYYAVFTGNDVRVF
488,K7PH164C4,864,29,GELLPSHGAKRPEYQEDYGFFHANKSVNF
489,K30lambda2,866,29,GELLPSHGAKRPEYQEDYGFFHANKSVNF
490,K39PH122C2,1692,29,GDGPYSSILVFDAQDEYTPCVSARGGWGT
491,K65PH164,1,29,AQNNYNHYSDLAKYRIFDPTNTQWPVAIK
492,S8c,1204,29,NISDQLAADIHNAFNKYYTDLTNQDQIFF
493,K35PH164C3,56,29,RGYLGEDPYIHLINRDEYEQYYAVFTGND
494,A3b,56,29,RGYLGEDPYIHLINRDEYEQYYAVFTGND
495,K7PH164C4,860,29,EIVNGELLPSHGAKRPEYQEDYGFFHANK
496,K30lambda2,862,29,EIVNGELLPSHGAKRPEYQEDYGFFHANK
497,S8a,239,29,RGFNAPVQYTALLPDGRIQNSQNGFVQFQ
498,S8c,1295,29,MIYLGKNSDLALLKKSGQGGTIAVGSGTP
499,K2alfa62,1248,57,CSAFRGMTFYNGESLSIIVDKPRDPVYLFTADNVVDGVFVRTFPSEKTMYTSCNVMF
500,K2PH164C2,351,57,CSAFRGMTFYNGESLSIIVDKPRDPVYLFTADNVVDGVFVRTFPSEKTMYTSCNVMF
501,K2PH164C1,1248,57,CSAFRGMTFYNGESLSIIVDKPRDPVYLFTADNVVDGVFVRTFPSEKTMYTSCNVMF
502,S8a,164,57,IYSGTITNYYGNYSPAYVAMLQNDPPTANTGDIIASPSSVWRFRNRGADNNGDSGAC
503,K7PH164C4,2840,39,QWSEVDSRLRIFGNHFQKRVHQIMCLPVNMCVPFHFIRG
504,K30lambda2,2842,39,QWSEVDSRLRIFGNHFQKRVHQIMCLPVNMCVPFHFIRG
505,K65PH164,736,39,VYDAIDKIWRIFENDLRTRVRIITSDVTLMPNEHISVFG
506,S8c,1388,39,GTPYIDFHFNNSTADYTTRLIELVSGELTLEGAFMCKRH
507,S11a,323,57,DSMMIACTINANDRGVALTGGANNNFFGGCRNEWNSGDNWYAFQSVENQISGELCDR
508,S10a,581,57,DSMMFGCTINANDRGVALTGGANNNFFGGCRNEWNTGDNWYAFQSVENQIFGELCDR
509,K25PH129C1,1278,57,DSNLIGCVFNANARGVNLQSGANNNSFIACRNEWNDGDNYFAFNAIENIIVGELCDR
510,S8b,204,57,DQISVQSSHLRVDRDLRVFGMADIKGWTQCGVDLSSNRTDFGSPAIGSLVSGGRIRS
511,K54lambda1,1319,29,RGRFQTPGIMEYVATHQNDHKFALFMHYR
512,K23PH08C2,1319,29,RGRFQTPGIMEYVATHQNDHKFALFMHYR
513,K54lambda2,1191,29,EGMIPSCGDVIYIADPHWQSAFNLVLSGR
514,K7PH164C4,603,29,LPRDDNGNMLCFVESDWNEEEKELNIQVF
515,S8c,1553,29,RVRRGFIAQQAETVDKVYTYQDVEQEIDG
516,S8b,357,29,RVRRGFIAQQAETVDEVYTYQDVEQEIDG
517,K63PH128,919,29,MKQLHFGGVPVQNEDGTFNYEGVIAEFRP
518,K2064PH2,46,29,LKQLHFGGVPVQNEDGTFNYEGVIAEFRP
519,K74PH129C2,2026,29,DLNRGNTAAHYETVTPPPSSQEVTLEIVP
520,S13b,34,29,YYTDRFGVQRLTNTGRNYQFQTAQDERET
521,K54lambda1,1318,57,HRGRFQTPGIMEYVATHQNDHKFALFMHYRVTRAGAGTGATSATEALIASQTSPSSN
522,K23PH08C2,1318,57,HRGRFQTPGIMEYVATHQNDHKFALFMHYRVTRAGAGTGATSATEALIASQTSPSSN
523,K58PH129C2,1179,57,EPSSIHHAGIVIYEANHCVVTRCNIVYRGRTDREGHGIGIFHGNDNLIALCTASGAN
524,A3d,1981,80,ASVDSGENVQFFGGSVYNCINSTLTAVGVHHSPESTGLEMCFNGTSFDYNDQDLFQIHSTFRFDKCHFENNNNQPKITIQ
525,A3c,1877,80,ASVDSGENIQFFGGSVYNCISSNLTAVGIYHSPESTGLEMNFNGTSFDYNDQDLFQIHSTFRFDKCHFENNNNRPKITIQ
526,K61PH164C1,847,80,ANDDSNENYTFVGGSIFNVNNPTFNGTGFYIDSVASQVDIGFRGTSFDYCDISMYLRNSYVECSACHFENNNNNAHIICE
527,A1j,2002,80,ASVNSNENHGFIGGSIFNVNNTSFNGVGLYVDSGASDTELYLSHCSIDYCDESVNLRLGRLNLNSCHLENNNNNPHIRLQ
528,K7PH164C4,2829,55,IGCYNPLEDLTQWSEVDSRLRIFGNHFQKRVHQIMCLPVNMCVPFHFIRGTVTQC
529,K30lambda2,2831,55,IGCYNPLEDLTQWSEVDSRLRIFGNHFQKRVHQIMCLPVNMCVPFHFIRGTVTQC
530,K65PH164,725,55,IQVRTSGSGFLVYDAIDKIWRIFENDLRTRVRIITSDVTLMPNEHISVFGADNST
531,K50PH164C1,2201,80,SHGSGVFSRCGDTNSAINIDYNSGKVVILAANDSSLAAGNVKVNTLYGTANKPSKSDVGLSNVTNDAQVKKAGDTMTGDL
532,K65PH164,2827,80,SHGTGFYGRASDTMAALNIDYATGNVRVFAINDSGLASGRVNSNVLYGTANKPSKADVGLGNLTNDTQVKKAGDTMTGDL
533,K43PH164C1,657,80,SAGAAGLRITGSTNVDVPSGTFSGTFPGLCINQTGNTNLFIASTILYDTASGRINSPVASMFMDIPAVIISAKEAADGTL
534,K49PH164C2,323,40,ACERIERLGVCQYRMKGESRVRRGFIAQQADTVDKVYTYQ
535,K34PH164,338,40,ACERIERLGVCQYRMKGESRVRRGFIAQQADTVDKVYTYQ
536,K65PH164,400,40,HSWRFEAYASSNFFFNNIPPNATVQIRPTEDSRIIFYDCM
537,K7PH164C4,2558,38,SNPVGGPYAHNIQTESYQEVQYKAGFFRGPPNNFMGWE
538,K30lambda2,2560,38,SNPVGGPYSHNIQTESYQEIQYKAGFFRGPPNNFMGWE
539,K34PH164,272,38,SGAWGGFYVEEYVGTEHRIIMYMDGFGRTDAWSFRSGG
540,K65PH164,3644,38,NGAYASLYFQEYVGNFHQAIINVNGFGRDDSFYFRAGG
541,K6PH25C3,1595,38,KNAAIGIVADGTVGSCSWGELQFTNCGHAMAWQGGDRC
542,S8b,279,28,YVEEYVGTEHRIIMYMDGFGRTDAWSFR
543,K34PH164,279,28,YVEEYVGTEHRIIMYMDGFGRTDAWSFR
544,S8c,1475,28,YIEELVGTEHRIVAYLDGYGRSDAWIFR
545,K65PH164,3651,28,YFQEYVGNFHQAIINVNGFGRDDSFYFR
546,K30lambda2,2567,28,YSHNIQTESYQEIQYKAGFFRGPPNNFM
547,K2069PH1,1949,28,VREHCGLTVQRAMEIMESFGLEPFKYGF
548,K2064PH2,2149,28,VREHCGLTVQRAMEIMESFGLEPFKYGF
549,K7PH164C4,2565,28,YAHNIQTESYQEVQYKAGFFRGPPNNFM
550,K50PH164C1,2839,28,WLEEYRGYEHRAVIEVSKWGDSGTTQYW
551,K62PH164C2,778,28,IEKRCPDAIGRMEIELDGEVIPDAMSVD
552,K62PH164C2,735,29,SDIRLKRDFKPISSPLESVMSFRGATYEM
553,K29PH164C1,733,29,SDIRLKRDFKPISSPLESVMSFRGATYEM
554,K65PH164,3698,29,SDRRAKSDIKVIENALEKVETLSGNTYEL
555,K2064PH2,2109,29,SDGRMKNDVRAMNDPETEAAKAIAKEIGF
556,K74PH129C2,182,29,KEDPPKVDAQAIAEALATLLRAAHPTWTF
557,K30lambda2,2719,57,RPDNGAEFGQGNISEMHVTTVGVYNFRSDAQWYVKSNPPEIGNQWGPVWSESTRPLR
558,K7PH164C4,2717,57,RPDNGAEFGQGNISEMHVTTVGVYNFRSDAQWYVKSNPPEIGNQWGPVWSEATRPLR
559,K65PH164,3644,57,NGAYASLYFQEYVGNFHQAIINVNGFGRDDSFYFRAGGDFICTRNGSFDNVEIRSDR
560,K62PH164C2,460,57,NGGTGSTNASDARLAFGLRMIDVPSNTSGATRCIKIATIKSPGAAGSFASMSIYGGS
